[
    {
        "shop": [
            "woocommerce_price_filter-2",
            "woocommerce_product_categories-2",
            "woocommerce_products-2"
        ]
    },
    {
        "woocommerce_price_filter":
        {
            "2": {
                "title":
                "Filter by price"
            },
            "_multiwidget":1
        },
        "woocommerce_product_categories":
        {
            "2": {
                "title":"Product categories",
                "orderby":"name",
                "dropdown":0,
                "count":0,
                "hierarchical":1,
                "show_children_only":0,
                "hide_empty":0,
                "max_depth":""
            },
                "_multiwidget":1
        },
        "woocommerce_products": {
            "2": {
                "title":"Products",
                "number":5,
                "show":"",
                "orderby":"date",
                "order":"desc",
                "hide_free":0,
                "show_hidden":0
            },
            "_multiwidget":1
        }
    }
]
