[{"wp_inactive_widgets":["search-2","recent-posts-2","recent-comments-2","archives-2","categories-2","meta-2"],"default":["stm_recent_posts-3","search-2","tag_cloud-2","archives-2","text-3","working_hours-3"],"footer_bottom":["stm_text-2","contacts-2","stm_pages-2","stm_recent_posts-2"],"stm_lms_sidebar":["stm_lms_popular_courses-3","archives-3","working_hours-2"]},{"stm_recent_posts":{"3":{"title":"Recent posts","output":""},"2":{"title":"Blog","output":"2","style":"style_2"},"_multiwidget":1},"search":{"2":{"title":"Search"},"_multiwidget":1},"tag_cloud":{"2":{"title":"Tags","taxonomy":"post_tag"},"_multiwidget":1},"archives":{"2":{"title":"Archive","count":0,"dropdown":1},"3":{"title":"Archive","count":0,"dropdown":1},"_multiwidget":1},"text":{"3":{"title":"Text Widget","text":"<strong>Lorem ipsum dolor sit amet, consectetur adipiscing elit. Suspendisse hendrerit.<\/strong>\r\n\r\nDignissim lorem, sit amet mi pellentesque nunc vel finibus <a href=\"#\">ullamcorper<\/a>, metus diam scelerisque purus, rhoncus metus odio sed nisl. Maecenas pulvinar ante eleifend justo blandit, id laoreet nibh euismod.\r\n","filter":true},"_multiwidget":1},"working_hours":{"3":{"title":"Working hours","monday":"9:30 am - 6.00 pm","tuesday":"9:30 am - 6.00 pm","wednesday":"9:30 am - 6.00 pm","thursday":"9:30 am - 6.00 pm","friday":"9:30 am - 3.00 pm","saturday":"","sunday":""},"2":{"title":"Working hours","monday":"9:30 am - 6.00 pm","tuesday":"9:30 am - 6.00 pm","wednesday":"9:30 am - 6.00 pm","thursday":"9:30 am - 6.00 pm","friday":"9:30 am - 5.00 pm","saturday":"","sunday":""},"_multiwidget":1},"stm_text":{"2":{"title":"About","text":"Sed nec felis pellentesque, lacinia dui sed, ultricies sapien. Pellentesque orci lectus, consectetur vel, rutrum eu ipsum. Mauris accumsan eros eget libero posuere vulputate.","filter":true,"socials":true},"_multiwidget":1},"contacts":{"2":{"title":"Contact","address":"USA, Callifornia 20, First Avenue, Callifornia","phone":"Tel.: +1 212 458 300 32","fax":"Fax: +1 212 375 24 14","email":"info@masterstudy.com","style":"style_2"},"_multiwidget":1},"stm_pages":{"2":{"title":"Pages","sortby":"post_title","style":"style_2","include":"7,2,183,664,667,669"},"_multiwidget":1},"stm_lms_popular_courses":{"3":{"title":"Popular Courses","output":"3"},"_multiwidget":1},"recent-posts":{"2":{"title":"","number":5},"_multiwidget":1},"recent-comments":{"2":{"title":"","number":5},"_multiwidget":1},"categories":{"2":{"title":"","count":0,"hierarchical":0,"dropdown":0},"_multiwidget":1},"meta":{"2":{"title":""},"_multiwidget":1}}]