{
    "redux-section": "21",
    "last_tab": "1",
    "logo_text_font": {
        "font-family": "Montserrat",
        "font-options": "",
        "google": "1",
        "subsets": "latin",
        "text-align": "",
        "font-size": "23px",
        "color": "#fff"
    },
    "logo_width": "253",
    "menu_top_margin": "5",
    "main_paddings": {
        "padding-top": "",
        "padding-right": "",
        "padding-bottom": "0",
        "padding-left": ""
    },
    "preloader": "1",
    "favicon": {
        "url": "",
        "id": "",
        "height": "",
        "width": "",
        "thumbnail": ""
    },
    "header_style": "header_2",
    "sticky_header": "0",
    "top_bar": "0",
    "top_bar_login": "1",
    "top_bar_social": "1",
    "top_bar_wpml": "1",
    "top_bar_color": "#333333",
    "font_top_bar": {
        "font-family": "Montserrat",
        "font-options": "",
        "google": "1",
        "font-weight": "",
        "font-style": "",
        "subsets": "latin",
        "text-align": "",
        "font-size": "12px",
        "color": "#aaaaaa"
    },
    "top_bar_use_social": {
        "facebook": "",
        "twitter": "1",
        "instagram": "1",
        "behance": "1",
        "dribbble": "1",
        "flickr": "1",
        "git": "1",
        "linkedin": "1",
        "pinterest": "1",
        "yahoo": "0",
        "delicious": "0",
        "dropbox": "0",
        "reddit": "0",
        "soundcloud": "0",
        "google": "0",
        "google-plus": "0",
        "skype": "0",
        "youtube": "0",
        "youtube-play": "0",
        "tumblr": "0",
        "whatsapp": "0",
        "telegram": "0"
    },
    "top_bar_address": "1010 Moon ave, New York, NY US",
    "top_bar_address_mobile": "",
    "top_bar_working_hours": "Mon - Sat 8.00 - 18.00",
    "top_bar_working_hours_mobile": "",
    "top_bar_phone": "+1 212-226-3126",
    "top_bar_phone_mobile": "",
    "color_skin": "skin_custom_color",
    "primary_color": "#4ed7a8",
    "secondary_color": "#195ec8",
    "link_color": "#195ec8",
    "button_radius": "25",
    "button_dimensions": {
        "padding-top": "18",
        "padding-right": "25",
        "padding-bottom": "18",
        "padding-left": "25"
    },
    "blog_layout": "grid",
    "blog_sidebar": "",
    "blog_sidebar_position": "right",
    "teachers_sidebar": "",
    "teachers_sidebar_position": "none",
    "events_sidebar": "",
    "events_sidebar_position": "none",
    "gallery_sidebar": "",
    "gallery_sidebar_position": "none",
    "shop_layout": "grid",
    "shop_sidebar": "",
    "shop_sidebar_position": "right",
    "paypal_email": "",
    "currency": "USD",
    "paypal_mode": "sand",
    "admin_subject": "New Participant for [event]",
    "admin_message": "A new member wants to join your [event]<br>Participant Info:<br>Name: [name]<br>Email: [email]<br>Phone: [phone]<br>Message: [message]",
    "user_subject": "Confirmation of your pariticipation in the [event]",
    "user_message": "Dear [name].<br/> This email is sent to you to confirm your participation in the event.<br/>We will contact you soon with further details.<br>With any question, feel free to phone +999999999999 or write to <a href=\"mailto:timur@stylemix.net\">timur@stylemix.net</a>.<br>Regards,<br>MasterStudy Team.",
    "font_body": {
        "font-family": "Open Sans",
        "font-options": "",
        "google": "1",
        "subsets": "",
        "text-align": "",
        "font-size": "14px",
        "color": "#273044"
    },
    "font_btn": {
        "font-family": "Montserrat",
        "font-options": "",
        "google": "1",
        "text-align": "",
        "font-size": "14px",
        "line-height": "14px",
        "word-spacing": "",
        "letter-spacing": ""
    },
    "menu_heading": {
        "font-family": "Montserrat",
        "font-options": "",
        "google": "1",
        "font-weight": "",
        "font-style": "",
        "subsets": "latin",
        "text-align": "",
        "color": "#fff"
    },
    "font_heading": {
        "font-family": "Montserrat",
        "font-options": "",
        "google": "1",
        "subsets": "latin",
        "text-align": "",
        "color": "#273044"
    },
    "h1_params": {
        "font-weight": "200",
        "font-style": "",
        "font-size": "50px",
        "line-height": "55px",
        "word-spacing": "-1px",
        "letter-spacing": "-0.4px"
    },
    "h1_dimensions": {
        "margin-top": "0",
        "margin-right": "",
        "margin-bottom": "30",
        "margin-left": ""
    },
    "h2_params": {
        "font-weight": "200",
        "font-style": "",
        "font-size": "32px",
        "line-height": "38px",
        "word-spacing": "",
        "letter-spacing": ""
    },
    "h2_dimensions": {
        "margin-top": "0",
        "margin-right": "",
        "margin-bottom": "30",
        "margin-left": ""
    },
    "h3_params": {
        "font-weight": "200",
        "font-style": "",
        "font-size": "24px",
        "line-height": "34px",
        "word-spacing": "",
        "letter-spacing": "-1px"
    },
    "h3_dimensions": {
        "margin-top": "0",
        "margin-right": "",
        "margin-bottom": "30",
        "margin-left": ""
    },
    "h4_params": {
        "font-weight": "200",
        "font-style": "",
        "font-size": "16px",
        "line-height": "26px",
        "word-spacing": "",
        "letter-spacing": ""
    },
    "h4_dimensions": {
        "margin-top": "0",
        "margin-right": "",
        "margin-bottom": "20",
        "margin-left": ""
    },
    "h5_params": {
        "font-weight": "500",
        "font-style": "",
        "font-size": "14px",
        "line-height": "20px",
        "word-spacing": "",
        "letter-spacing": ""
    },
    "h5_dimensions": {
        "margin-top": "0",
        "margin-right": "",
        "margin-bottom": "15",
        "margin-left": ""
    },
    "h6_params": {
        "font-weight": "400",
        "font-style": "",
        "font-size": "12px",
        "line-height": "12px",
        "word-spacing": "",
        "letter-spacing": ""
    },
    "h6_dimensions": {
        "margin-top": "0",
        "margin-right": "",
        "margin-bottom": "15",
        "margin-left": ""
    },
    "footer_top": "0",
    "footer_top_color": "#414b4f",
    "footer_first_columns": "4",
    "footer_bottom": "1",
    "footer_bottom_color": "#ffffff",
    "footer_bottom_title": {
        "font-weight": "700",
        "font-style": "",
        "font-size": "18px",
        "color": "#273044"
    },
    "footer_bottom_title_uppercase": "0",
    "footer_bottom_text_color": "#aaaaaa",
    "footer_bottom_columns": "4",
    "footer_bottom_socials": "2",
    "footer_copyright": "0",
    "footer_copyright_bg_color": "#5e676b",
    "footer_copyright_text_color": "#ffffff",
    "footer_copyright_border_color": "#5e676b",
    "footer_logo_enabled": "1",
    "footer_copyright_text": "Copyright &copy; 2018 MasterStudy Theme by <a target=\"_blank\" href=\"http://www.stylemixthemes.com/\">Stylemix Themes</a>",
    "copyright_use_social": {
        "facebook": "1",
        "twitter": "1",
        "instagram": "1",
        "behance": "0",
        "dribbble": "0",
        "flickr": "0",
        "git": "0",
        "linkedin": "0",
        "pinterest": "0",
        "yahoo": "0",
        "delicious": "0",
        "dropbox": "0",
        "reddit": "0",
        "soundcloud": "0",
        "google": "0",
        "google-plus": "0",
        "skype": "0",
        "youtube": "0",
        "youtube-play": "0",
        "tumblr": "0",
        "whatsapp": "0",
        "telegram": ""
    },
    "facebook": "https://www.facebook.com/",
    "twitter": "https://www.twitter.com/",
    "instagram": "https://www.instagram.com/",
    "behance": "#",
    "dribbble": "#",
    "flickr": "#",
    "git": "#",
    "linkedin": "#",
    "pinterest": "#",
    "yahoo": "#",
    "delicious": "#",
    "dropbox": "#",
    "reddit": "",
    "soundcloud": "",
    "google": "",
    "google-plus": "",
    "skype": "",
    "youtube": "",
    "youtube-play": "",
    "tumblr": "",
    "whatsapp": "",
    "telegram": "",
    "stm_social_widget_sort": {
        "facebook": "Facebook",
        "twitter": "Twitter",
        "instagram": "Instagram",
        "behance": "",
        "dribbble": "",
        "flickr": "",
        "git": "",
        "linkedin": "",
        "pinterest": "",
        "yahoo": "",
        "delicious": "",
        "dropbox": "",
        "reddit": "",
        "soundcloud": "",
        "google": "",
        "google-plus": "",
        "skype": "",
        "youtube": "",
        "youtube-play": "",
        "tumblr": "",
        "whatsapp": "",
        "telegram": ""
    },
    "mailchimp_api_key": "",
    "mailchimp_list_id": "",
    "g_recaptcha_public_key": "",
    "g_recaptcha_private_key": "",
    "site_css": "",
    "import_link": "",
    "redux_options_object": "",
    "redux_import_export": "",
    "redux-backup": 1,
    "logo":{
        "url":"\/wp-content\/themes\/masterstudy\/assets\/img\/tmp\/logo-colored.png"
    },
    "logo_transparent":{
        "url":"\/wp-content\/themes\/masterstudy\/assets\/img\/tmp\/logo_transparent.png"
    },
    "footer_logo":{
        "url":"\/wp-content\/themes\/masterstudy\/assets\/img\/tmp\/footer-logo2x.png"
    }
}
