[{"wp_inactive_widgets":["block-2","block-3","block-4","block-5","block-6"],"stm_lms_sidebar":["stm_lms_popular_courses-3","archives-3","working_hours-2"],"default":["stm_recent_posts-3","search-2","tag_cloud-2","archives-2","custom_html-2","working_hours-3"],"footer_top":["stm_pages-3","stm_pages-6","stm_pages-7","socials-2"],"footer_bottom":["stm_text-2","stm_lms_popular_courses-4","stm_pages-2","contacts-2"],"shop":["woocommerce_price_filter-2","woocommerce_product_categories-2","woocommerce_products-2"]},{"stm_lms_popular_courses":{"3":{"title":"","output":"3"},"4":{"title":"Popular Courses","output":"3"},"_multiwidget":1},"archives":{"3":{"title":"Archive","count":0,"dropdown":1},"2":{"title":"Archive","count":0,"dropdown":1},"_multiwidget":1},"working_hours":{"2":{"title":"Working hours","monday":"9:30 am - 6.00 pm","tuesday":"9:30 am - 6.00 pm","wednesday":"9:30 am - 6.00 pm","thursday":"9:30 am - 6.00 pm","friday":"9:30 am - 5.00 pm","saturday":"","sunday":""},"3":{"title":"Working hours","monday":"9:30 am - 6.00 pm","tuesday":"9:30 am - 6.00 pm","wednesday":"9:30 am - 6.00 pm","thursday":"9:30 am - 6.00 pm","friday":"9:30 am - 3.00 pm","saturday":"","sunday":""},"_multiwidget":1},"stm_recent_posts":{"3":{"title":"Recent posts","output":""},"_multiwidget":1},"search":{"2":{"title":"Search"},"_multiwidget":1},"tag_cloud":{"2":{"title":"Tags","taxonomy":"post_tag"},"_multiwidget":1},"custom_html":{"2":{"title":"About us","content":"Online studies are designed for students whose scheduling commitments would otherwise make it difficult to enroll in a full-time higher education program. Offered for individual courses, diplomas, associate\u2019s degrees and certificate programs, online studies are a valuable option. The resulting qualification a graduate receives after successfully completing."},"_multiwidget":1},"stm_pages":{"3":{"title":"Pages","sortby":"post_title","style":"style_1","include":"1,2,3,4,5,6,7,8,9,10"},"6":{"title":"Quick Links","sortby":"post_title","style":"style_1","include":"1,2,3,4,5,6,7,8,9,10"},"7":{"title":"Press links","sortby":"post_title","style":"style_1","include":"1,2,3,4,5,6,7,8,9,10"},"2":{"title":"Pages","sortby":"post_title","style":"style_1","include":"7,2,183,664,667,669"},"_multiwidget":1},"socials":{"2":{"title":"Social Network"},"_multiwidget":1},"stm_text":{"2":{"title":"About","text":"Lorem ipsum dolor sit amet, onsectetur adipiscing elit. Morbi at egestas magna. \r\n\r\nEget lectus molestie, pharetra sem sed, scelerisque felis. Ut ut erat sed nisl finibus tristique. Etiam sit amet ipsum laoreet, iaculis mi ut, ullamcorper nibh. \r\n<a href=\"\/classic-lms\/courses\" class=\"btn btn-default\">Learning Now<\/a>","filter":true,"socials":false},"_multiwidget":1},"contacts":{"2":{"title":"Contact","address":"USA, Callifornia 20, First Avenue, Callifornia","phone":"Tel.: +1 212 458 300 32","fax":"Fax: +1 212 375 24 14","email":"info@masterstudy.com","style":"style_1"},"_multiwidget":1},"woocommerce_price_filter":{"2":{"title":"Filter by price"},"_multiwidget":1},"woocommerce_product_categories":{"2":{"title":"Product categories","orderby":"name","dropdown":0,"count":0,"hierarchical":1,"show_children_only":0,"hide_empty":0,"max_depth":""},"_multiwidget":1},"woocommerce_products":{"2":{"title":"Products","number":5,"show":"","orderby":"date","order":"desc","hide_free":0,"show_hidden":0},"_multiwidget":1},"block":{"2":{"content":"<!-- wp:search \/-->"},"3":{"content":"<!-- wp:group --><div class=\"wp-block-group\"><!-- wp:heading --><h2>Recent Posts<\/h2><!-- \/wp:heading --><!-- wp:latest-posts \/--><\/div><!-- \/wp:group -->"},"4":{"content":"<!-- wp:group --><div class=\"wp-block-group\"><!-- wp:heading --><h2>Recent Comments<\/h2><!-- \/wp:heading --><!-- wp:latest-comments {\"displayAvatar\":false,\"displayDate\":false,\"displayExcerpt\":false} \/--><\/div><!-- \/wp:group -->"},"5":{"content":"<!-- wp:group --><div class=\"wp-block-group\"><!-- wp:heading --><h2>Archives<\/h2><!-- \/wp:heading --><!-- wp:archives \/--><\/div><!-- \/wp:group -->"},"6":{"content":"<!-- wp:group --><div class=\"wp-block-group\"><!-- wp:heading --><h2>Categories<\/h2><!-- \/wp:heading --><!-- wp:categories \/--><\/div><!-- \/wp:group -->"},"_multiwidget":1}}]