{
    "last_tab": "20",
    "logo_text_font": {
        "font-family": "Montserrat",
        "font-options": "",
        "google": "1",
        "subsets": "latin",
        "text-align": "",
        "font-size": "23px",
        "color": "#333"
    },
    "logo_width": "203",
    "menu_top_margin": "5",
    "main_paddings": {
        "padding-top": "",
        "padding-right": "",
        "padding-bottom": "",
        "padding-left": ""
    },
    "preloader": "",
    "favicon": {
        "url": "",
        "id": "",
        "height": "",
        "width": "",
        "thumbnail": ""
    },
    "header_style": "header_4",
    "sticky_header": "",
    "default_show_wishlist": "1",
    "default_show_search": "1",
    "default_show_socials": "0",
    "online_show_wpml": "1",
    "online_show_socials": "1",
    "online_show_search": "1",
    "online_show_links": "1",
    "header_4_show_socials": "1",
    "header_4_phone": " +1 212 335 0788",
    "top_bar": "0",
    "top_bar_login": "1",
    "top_bar_social": "1",
    "top_bar_wpml": "1",
    "top_bar_color": "#333333",
    "font_top_bar": {
        "font-family": "Montserrat",
        "font-options": "",
        "google": "1",
        "font-weight": "",
        "font-style": "",
        "subsets": "latin",
        "text-align": "",
        "font-size": "12px",
        "color": "#aaaaaa"
    },
    "top_bar_use_social": {
        "facebook": "1",
        "twitter": "1",
        "instagram": "1",
        "behance": "1",
        "dribbble": "1",
        "flickr": "0",
        "git": "0",
        "linkedin": "0",
        "pinterest": "0",
        "yahoo": "0",
        "delicious": "0",
        "dropbox": "0",
        "reddit": "0",
        "soundcloud": "0",
        "google": "0",
        "google-plus": "0",
        "skype": "0",
        "youtube": "0",
        "youtube-play": "0",
        "tumblr": "0",
        "whatsapp": "0",
        "telegram": ""
    },
    "top_bar_address": "1010 Moon ave, New York, NY US",
    "top_bar_address_mobile": "",
    "top_bar_working_hours": "Mon - Sat 8.00 - 18.00",
    "top_bar_working_hours_mobile": "",
    "top_bar_phone": "+1 212-226-3126",
    "top_bar_phone_mobile": "",
    "color_skin": "skin_custom_color",
    "primary_color": "#ff5161",
    "secondary_color": "#053f81",
    "link_color": "#053f81",
    "button_radius": "30",
    "button_dimensions": {
        "padding-top": "23",
        "padding-right": "21",
        "padding-bottom": "23",
        "padding-left": "21"
    },
    "blog_layout": "grid",
    "blog_sidebar": "655",
    "blog_sidebar_position": "right",
    "teachers_sidebar": "",
    "teachers_sidebar_position": "none",
    "events_sidebar": "",
    "events_sidebar_position": "none",
    "gallery_sidebar": "",
    "gallery_sidebar_position": "none",
    "shop_layout": "grid",
    "shop_sidebar": "740",
    "shop_sidebar_position": "right",
    "paypal_email": "",
    "currency": "USD",
    "paypal_mode": "sand",
    "admin_subject": "New Participant for [event]",
    "admin_message": "A new member wants to join your [event]<br>Participant Info:<br>Name: [name]<br>Email: [email]<br>Phone: [phone]<br>Message: [message]",
    "user_subject": "Confirmation of your pariticipation in the [event]",
    "user_message": "Dear [name].<br/> This email is sent to you to confirm your participation in the event.<br/>We will contact you soon with further details.<br>With any question, feel free to phone +999999999999 or write to <a href=\"mailto:timur@stylemix.net\">timur@stylemix.net</a>.<br>Regards,<br>MasterStudy Team.",
    "font_body": {
        "font-family": "Open Sans",
        "font-options": "",
        "google": "1",
        "subsets": "",
        "text-align": "",
        "font-size": "14px",
        "color": "#555555"
    },
    "font_btn": {
        "font-family": "Quicksand",
        "font-options": "",
        "google": "1",
        "text-align": "",
        "font-size": "14px",
        "line-height": "14px",
        "word-spacing": "",
        "letter-spacing": ""
    },
    "menu_heading": {
        "font-family": "Quicksand",
        "font-options": "",
        "google": "1",
        "font-weight": "700",
        "font-style": "",
        "subsets": "latin",
        "text-align": "",
        "color": "#fff"
    },
    "font_heading": {
        "font-family": "Quicksand",
        "font-options": "",
        "google": "1",
        "subsets": "latin",
        "text-align": "",
        "color": "#333333"
    },
    "h1_params": {
        "font-weight": "700",
        "font-style": "",
        "font-size": "70px",
        "line-height": "70px",
        "word-spacing": "",
        "letter-spacing": ""
    },
    "h1_dimensions": {
        "margin-top": "",
        "margin-right": "",
        "margin-bottom": "",
        "margin-left": ""
    },
    "h2_params": {
        "font-weight": "700",
        "font-style": "",
        "font-size": "45px",
        "line-height": "50px",
        "word-spacing": "",
        "letter-spacing": ""
    },
    "h2_dimensions": {
        "margin-top": "",
        "margin-right": "",
        "margin-bottom": "",
        "margin-left": ""
    },
    "h3_params": {
        "font-weight": "400",
        "font-style": "",
        "font-size": "35px",
        "line-height": "40px",
        "word-spacing": "",
        "letter-spacing": ""
    },
    "h3_dimensions": {
        "margin-top": "",
        "margin-right": "",
        "margin-bottom": "",
        "margin-left": ""
    },
    "h4_params": {
        "font-weight": "700",
        "font-style": "",
        "font-size": "20px",
        "line-height": "22px",
        "word-spacing": "",
        "letter-spacing": ""
    },
    "h4_dimensions": {
        "margin-top": "",
        "margin-right": "",
        "margin-bottom": "",
        "margin-left": ""
    },
    "h5_params": {
        "font-weight": "700",
        "font-style": "",
        "font-size": "16px",
        "line-height": "20px",
        "word-spacing": "",
        "letter-spacing": ""
    },
    "h5_dimensions": {
        "margin-top": "",
        "margin-right": "",
        "margin-bottom": "",
        "margin-left": ""
    },
    "h6_params": {
        "font-weight": "400",
        "font-style": "",
        "font-size": "12px",
        "line-height": "12px",
        "word-spacing": "",
        "letter-spacing": ""
    },
    "h6_dimensions": {
        "margin-top": "",
        "margin-right": "",
        "margin-bottom": "",
        "margin-left": ""
    },
    "footer_top": "0",
    "footer_top_color": "#ffffff",
    "footer_first_columns": "4",
    "footer_bottom": "1",
    "footer_bottom_color": "#ffffff",
    "footer_bottom_title": {
        "font-weight": "700",
        "font-style": "",
        "font-size": "22px",
        "color": "#333333"
    },
    "footer_bottom_title_uppercase": "0",
    "footer_bottom_text_color": "#7f7f81",
    "footer_bottom_columns": "4",
    "footer_bottom_socials": "none",
    "footer_copyright": "1",
    "footer_copyright_bg_color": "#053f81",
    "footer_copyright_text_color": "#ffffff",
    "footer_copyright_border_color": "#053f81",
    "footer_logo_enabled": "1",
    "footer_logo": {
        "url": "https://stylemixthemes.com/masterstudy/language-center/wp-content/uploads/sites/15/2015/06/footer-logo-50x56.png",
        "id": "",
        "height": "",
        "width": "",
        "thumbnail": ""
    },
    "footer_copyright_text": "Copyright &copy; 2015 MasterStudy Theme by <a target=\"_blank\" href=\"http://www.stylemixthemes.com/\">Stylemix Themes</a>",
    "copyright_use_social": {
        "facebook": "1",
        "twitter": "0",
        "instagram": "0",
        "behance": "0",
        "dribbble": "0",
        "flickr": "0",
        "git": "0",
        "linkedin": "0",
        "pinterest": "0",
        "yahoo": "0",
        "delicious": "0",
        "dropbox": "0",
        "reddit": "0",
        "soundcloud": "0",
        "google": "0",
        "google-plus": "0",
        "skype": "0",
        "youtube": "0",
        "youtube-play": "0",
        "tumblr": "0",
        "whatsapp": "0",
        "telegram": ""
    },
    "facebook": "https://www.facebook.com/",
    "twitter": "https://www.twitter.com/",
    "instagram": "https://www.instagram.com/",
    "behance": "#",
    "dribbble": "#",
    "flickr": "#",
    "git": "#",
    "linkedin": "#",
    "pinterest": "",
    "yahoo": "",
    "delicious": "",
    "dropbox": "",
    "reddit": "",
    "soundcloud": "",
    "google": "",
    "google-plus": "",
    "skype": "",
    "youtube": "",
    "youtube-play": "",
    "tumblr": "",
    "whatsapp": "",
    "telegram": "",
    "stm_social_widget_sort": {
        "facebook": "Facebook",
        "twitter": "Twitter",
        "instagram": "Instagram",
        "behance": "Behance",
        "dribbble": "Dribbble",
        "flickr": "Flickr",
        "git": "Git",
        "linkedin": "Linkedin",
        "pinterest": "Pinterest",
        "yahoo": "Yahoo",
        "delicious": "Delicious",
        "dropbox": "Dropbox",
        "reddit": "Reddit",
        "soundcloud": "Soundcloud",
        "google": "Google",
        "google-plus": "Google +",
        "skype": "Skype",
        "youtube": "Youtube",
        "youtube-play": "Youtube Play",
        "tumblr": "Tumblr",
        "whatsapp": "Whatsapp",
        "telegram": ""
    },
    "mailchimp_api_key": "",
    "mailchimp_list_id": "",
    "g_recaptcha_public_key": "",
    "g_recaptcha_private_key": "",
    "site_css": "",
    "header_course_categories": "",
    "header_course_categories_online": "",
    "redux_import_export": "",
    "redux-backup": 1
}